segment,proportion
Mid-value,59.91667237180553
Low-value,29.905033888524844
High-value,10.178293739669623
